Title,Author,Series,Status,Privacy,Hardcover Book ID,Hardcover Edition ID,ISBN 10,ISBN 13,ASIN,Media,Country Code,Language Code,Binding,Pages,Duration in Seconds,Publish Date,Publisher,Genres,Moods,Tags,Content Warnings,Lists,Date Added,Date Started,Date Finished,Rating,Review,Review Contains Spoilers,Sponsored Review,Review Date,Review URL,Review Media URL,Private Notes,Owned,Compilation,Review Slate
Circle of Desire,Carla Swafford,The Circle Series (#1.0),Read,Public,2035889,30400232,0062117807,9780062117793,,Book,us,en,,,,2011-01-01,Avon Impulse,,,,,"",2016-05-05,"",2016-05-13,4.0,,false,false,2016-05-13T00:00:00Z,,,,false,No,{}
In the Darkness,Mike Omer,Zoe Bentley Mystery (#2.0),Read,Public,580071,30544405,,,,Book,,,,,,2019-06-25,,,,,,"",2022-04-07,"",2022-04-07,4.0,,false,false,2022-04-07T00:00:00Z,,,,false,No,{}
Chase Darkness with Me,Billy Jensen,,Read,Public,519301,30472313,1492685852,9781492685852,,Book,,,,309,,2019-01-01,,,,,,"",2020-01-22,"",2020-01-22,5.0,,false,false,2020-01-22T00:00:00Z,,,,false,No,{}
The Alchemist,Paulo Coelho,,Read,Public,337236,30399646,0062315005,9780062315007,,Ebook,us,en,,181,,2014-04-14,HarperOne,,,,,"",2020-05-06,"",2020-05-06,5.0,,false,false,2020-05-06T00:00:00Z,,,,false,No,{}
I Am Pilgrim,Terry Hayes,,Read,Public,26754,30402700,1439177724,9781439177723,,Book,us,en,,624,,2013-07-18,Simon & Schuster,,,,,"",2015-11-11,"",2015-11-11,5.0,,false,false,2015-11-11T00:00:00Z,,,,false,No,{}
Broken Harbor,Tana French,Dublin Murder Squad (#4.0),Read,Public,24912,30404978,0143123300,9780143123309,,Book,gb,en,,480,,2012-07-02,Penguin,,,,,"",2018-02-06,"",2018-06-04,4.0,,false,false,2018-06-04T00:00:00Z,,,,false,No,{}
God Is Not Great: The Case Against Religion,Christopher Hitchens,,Read,Public,50610,1289340,0446579807,9780446579803,,Book,us,en,,307,,2007-01-01,"Hachette Digital, Inc.",,,,,"",2014-12-15,"",2014-12-15,5.0,,false,false,2014-12-15T00:00:00Z,,,,false,No,{}
Lying,Sam Harris,,Read,Public,434372,30405859,1940051010,9781940051017,,Book,,,,105,,2013-10-23,,,,,,"",2014-12-15,"",2014-12-15,4.0,,false,false,2014-12-15T00:00:00Z,,,,false,No,{}
Animal Farm,"George Orwell, C.M. Woodhouse (Introduction), Russell Baker (Preface by)",,Read,Public,356467,21164674,0452277507,9780452277502,,Book,us,en,,95,,1945-08-17,Penguin,,,,,"",2014-12-15,"",2014-12-15,5.0,,false,false,2014-12-15T00:00:00Z,,,,false,No,{}
Mr Mercedes,Stephen King,Bill Hodges Trilogy (#1.0),Want to Read,Public,173,8226283,9024564670,9789024564675,,Audio,de,de,,405,,2014-01-01,Scribner,,,,,"",2015-12-22,"","",,,false,false,,,,,false,No,{}
1984,George Orwell,,Read,Public,379760,18915554,0452262933,9780452262935,,Book,us,en,,336,,1983-04-01,Penguin Publishing Group,,,,,"",2014-12-15,"",2014-12-15,5.0,,false,false,2014-12-15T00:00:00Z,,,,false,No,{}
Watchmen,"Alan Moore, Dave Gibbons (Art)",Watchmen,Want to Read,Public,308,23102975,8467473274,9788467473278,,Ebook,us,en,,448,,1987-01-01,DC Comics,,,,,"",2013-08-10,"","",,,false,false,,,,,false,No,{}
Broken,Don Winslow,,Read,Public,476626,30398021,0062988913,9780062988911,,Book,us,en,,352,,2020-10-07,,,,,,"",2022-04-23,"",2022-04-23,3.0,,false,false,2022-04-23T00:00:00Z,,,,false,No,{}
Deadly Waters,Dot Hutchison,Rebecca Sorley (#1.0),Read,Public,440690,27514741,1542005574,9781542005579,,Book,,,,302,,2020-09-01,,,,,,"",2023-05-14,"",2023-07-03,4.0,,false,false,2023-07-03T00:00:00Z,,,,false,No,{}
Fight Club,Chuck Palahniuk,Fight Club (#1.0),Read,Public,321728,30394724,,,,Book,us,en,,224,,1996-08-01,W. W. Norton & Company,,,,,"",2018-11-01,"",2018-11-09,4.0,,false,false,2018-11-09T00:00:00Z,,,,false,No,{}
The Brothers Karamazov,"Konstantin Mochulsky (Foreword), Andrew H. MacAndrew (Translator), Fyodor Dostoevsky",,Read,Public,212258,31169699,0553210378,9780553210378,,Book,us,en,,796,,1981-03-01,Bantam Books,,,,,"",2014-12-15,"",2014-12-15,5.0,,false,false,2014-12-15T00:00:00Z,,,,false,No,{}
People Who Eat Darkness,Richard Lloyd Parry,,Read,Public,482308,30422323,1448155614,9781448155613,,Book,us,en,,416,,2010-12-28,Random House,,,,,"",2015-12-01,"",2015-12-01,3.0,,false,false,2015-12-01T00:00:00Z,,,,false,No,{}
The Craftsman,Richard Sennett,,Read,Public,384236,6978820,0300119097,9780300119091,,Book,,,,336,,2008-01-01,,,,,,"",2012-01-08,"",2015-12-04,,,false,false,2015-12-04T00:00:00Z,,,,false,No,{}
The Son,Jo Nesbø,,Read,Public,153061,12269599,1846557402,9781846557408,,Book,us,en,,401,,2014-01-01,Random House Large Print,,,,,"",2015-08-31,"",2015-09-21,4.0,,false,false,2015-09-21T00:00:00Z,,,,false,No,{}
In Cold Blood,Truman Capote,,Read,Public,429559,15126927,0140274189,9780140274189,,Book,us,en,,370,,1959-01-01,Viking,,,,,"",2015-01-08,"",2015-01-08,5.0,,false,false,2015-01-08T00:00:00Z,,,,false,No,{}
God's Problem,Bart D. Ehrman,,Read,Public,381708,21647760,0061173975,9780061173974,,Book,,,,304,,2008-02-19,,,,,,"",2014-12-15,"",2014-12-15,4.0,,false,false,2014-12-15T00:00:00Z,,,,false,No,{}
"Mary, Mary",James Patterson,Alex Cross (#11.0),Read,Public,2086594,24304820,031615976X,9780316159760,,Book,us,en,,392,,2005-11-14,Warner Books,,,,,"",2014-12-15,"",2014-12-15,4.0,,false,false,2014-12-15T00:00:00Z,,,,false,No,{}
Content Strategy for the Web,Kristina Halvorson,,Read,Public,463681,30381344,0321620062,9780321620064,,Book,,,,198,,2012-02-10,,,,,,"",2014-12-15,"",2014-12-15,4.0,,false,false,2014-12-15T00:00:00Z,,,,false,No,{}
Red Dragon,Thomas Harris,Hannibal Lecter (#1.0),Read,Public,382992,30400968,9781951151,9783453437425,,Book,us,en,,434,,1981-10-01,Arrow,,,,,"",2020-06-01,"",2020-06-01,5.0,"Finally!

I've meant to read this forever and it ties many things together from the movies and the show. I could hardly put it down",false,false,2020-06-01T00:00:00Z,,,,false,No,"{""document""=>{""object""=>""document"", ""children""=>[{""data""=>{}, ""type""=>""paragraph"", ""object""=>""block"", ""children""=>[{""bold""=>true, ""text""=>""Finally!"", ""object""=>""text""}, {""data""=>{}, ""type""=>""br"", ""object""=>""inline"", ""children""=>[]}, {""data""=>{}, ""type""=>""br"", ""object""=>""inline"", ""children""=>[]}, {""text""=>""I've meant to read this forever and it ties many things together from the movies and the show. I could hardly put it down"", ""object""=>""text""}]}]}}"
Designing Brand Identity,Alina Wheeler,,Read,Public,569307,30531494,0470401427,9780470401422,,Book,,,,310,,2003-01-15,,,,,,"",2014-12-15,"",2014-12-15,4.0,,false,false,2014-12-15T00:00:00Z,,,,false,No,{}
The Snowman,"Jo Nesbø, Don Bartlett (Translation)",Harry Hole (#7.0),Read,Public,260283,30401527,0525434879,9780525434870,,Book,us,en,,499,,2007-08-19,Knopf Publishing Group,,,,,"",2015-06-30,"",2015-06-30,5.0,,false,false,2015-06-30T00:00:00Z,,,,false,No,{}
Prey,Michael Crichton,,Read,Public,383682,12769647,0061015725,9780061015724,,Book,us,en,,528,,2003-11-01,Avon Books,,,,,"",2018-03-02,"",2018-05-18,4.0,,false,false,2018-05-18T00:00:00Z,,,,false,No,{}
The Girl on the Train,Paula Hawkins,,Read,Public,182003,30399545,1594633665,9781594633669,,Book,us,en,,325,,2015-01-01,Penguin,,,,,"",2016-05-04,"",2016-05-04,3.0,,false,false,2016-05-04T00:00:00Z,,,,false,No,{}
Eating the Dinosaur,Chuck Klosterman,,Read,Public,440280,30429615,1416544208,9781416544203,B002PMVQ6I,Book,us,en,,258,,2009-01-01,Simon & Schuster,,,,,"",2014-12-15,"",2014-12-15,3.0,,false,false,2014-12-15T00:00:00Z,,,,false,No,{}
Die Again,Tess Gerritsen,Rizzoli & Isles (#11.0),Read,Public,10771,30498828,0345543858,9780345543851,,Ebook,us,en,,400,,2014-12-30,Ballantine Books,,,,,"",2017-04-19,"",2017-09-03,4.0,,false,false,2017-09-03T00:00:00Z,,,,false,No,{}
Undeniable: Evolution and the Science of Creation,Bill Nye,Un... (#1.0),Read,Public,153277,30426721,1466869887,9781466869882,,Book,us,en,,320,,2014-01-01,Macmillan + ORM,,,,,"",2015-01-16,"",2015-01-27,5.0,"I loved this book. I had missed out on the “Bill Nye the Science Guy” years but I now understand why he was so well loved. The book was entertaining, educational, and inspiring. I highly recommend it.",false,false,2015-01-27T00:00:00Z,,,,false,No,"{""document""=>{""object""=>""document"", ""children""=>[{""data""=>{}, ""type""=>""paragraph"", ""object""=>""block"", ""children""=>[{""text""=>""I loved this book. I had missed out on the “Bill Nye the Science Guy” years but I now understand why he was so well loved. The book was entertaining, educational, and inspiring. I highly recommend it."", ""object""=>""text""}]}]}}"
ReWork: Change the Way You Work Forever,"Jason Fried, David Heinemeier Hansson",,Read,Public,381056,30399398,0307463745,9780307463746,,Book,us,en,,279,,2010-01-01,Currency,,,,,"",2010-03-16,"",2010-03-16,5.0,,false,false,2010-03-16T00:00:00Z,,,,false,No,{}
Dataclysm: Who We Are,Christian Rudder,,Read,Public,71936,30401301,0385347375,9780385347372,,Book,us,en,,304,,2014-09-09,,,,,,"",2014-12-15,"",2014-12-15,5.0,,false,false,2014-12-15T00:00:00Z,,,,false,No,{}
Stateline,Dave Stanton,Dan Reno Novel (#1.0),Read,Public,563364,30524010,,,,Book,,,,294,,2013-12-26,,,,,,"",2016-07-09,"",2016-07-09,4.0,,false,false,2016-07-09T00:00:00Z,,,,false,No,{}
Why I Am a Buddhist,Stephen T. Asma,,Read,Public,44798,29253176,157174617X,9781571746177,,Book,,,,192,,2011-01-01,,,,,,"",2014-12-15,"",2014-12-15,3.0,,false,false,2014-12-15T00:00:00Z,,,,false,No,{}
The Forgotten Girls,Alexa Steele,Suburban Murder (#1.0),Read,Public,561470,30521985,,,,Book,,,,,,2014-08-04,,,,,,"",2020-06-12,"",2020-06-21,4.0,,false,false,2020-06-21T00:00:00Z,,,,false,No,{}
The Girl Who Kicked the Hornet's Nest,"Stieg Larsson, Reg Keeland (Translator)",Millennium (#3.0),Read,Public,358061,30401479,030726999X,9780307269997,,Book,us,en,,563,,2010-10-29,Alfred a Knopf Incorporated,,,,,"",2015-02-18,"",2015-03-01,4.0,,false,false,2015-03-01T00:00:00Z,,,,false,No,{}
Sapiens: A Brief History of Humankind,"Yuval Noah Harari, Prottasha Prachurjo Sayed Fayej Ahmed (Translator)",Homo (#1.0),Read,Public,375634,30399269,,,,Book,us,en,,443,,2011-01-01,Vintage,,,,,"",2023-07-24,",,","2023-07-24,,2023-07-24",5.0,"",false,false,2023-07-24T00:00:00Z,"","","",false,No,"{""document""=>{""object""=>""document"", ""children""=>[{""data""=>{}, ""type""=>""paragraph"", ""object""=>""block"", ""children""=>[{""text""=>""Educational history book that reads like a novel. I loved it and have been recommending it to anyone who will listen.""}]}]}}"
The Girl with the Dragon Tattoo,Stieg Larsson,Millennium (#1.0),Read,Public,1218611,28431804,0307269752,9780307269751,,Book,us,en,,533,,2005-08-01,Alfred a Knopf Incorporated,,,,,"",2015-01-01,"",2015-01-28,4.0,,false,false,2015-01-28T00:00:00Z,,,,false,No,{}
Start With Why: How Great Leaders Inspire Everyone To Take Action,Simon Sinek,,Read,Public,427390,4787137,1591842808,9781591842804,,Book,us,en,,256,,2009-01-01,Penguin,,,,,"",2014-12-15,"",2014-12-15,4.0,,false,false,2014-12-15T00:00:00Z,,,,false,No,{}
Confession of a Buddhist Atheist,Stephen Batchelor,,Read,Public,479307,30531381,0385527063,9780385527064,,Book,us,en,,320,,2010-01-01,Spiegel & Grau,,,,,"",2014-12-15,"",2014-12-15,3.0,,false,false,2014-12-15T00:00:00Z,,,,false,No,{}
The Girl in the Spider's Web,"David Lagercrantz, George Goulding (Translator)",Millennium (#4.0),Read,Public,432793,28672208,9722058096,9789722058094,,Book,gb,en,,509,,2015-01-01,Vintage Crime/Black Lizard,,,,,"",2015-10-14,"",2015-10-14,4.0,,false,false,2015-10-14T00:00:00Z,,,,false,No,{}
"Forensics: What Bugs, Burns, Prints, DNA, and More Tell Us About Crime",Val McDermid,,Read,Public,738932,30735540,0802125158,9780802125156,,Book,us,en,,320,,2014-10-02,Grove Press,,,,,"",2021-03-28,"",2021-08-28,4.0,,false,false,2021-08-28T00:00:00Z,,,,false,No,{}
Galveston,Nic Pizzolatto,,Read,Public,436535,20293292,0751557056,9780751557053,,Book,us,en,,258,,2010-05-20,Scribner,,,,,"",2014-12-24,"",2014-12-29,4.0,"I really enjoyed this, one of those tales where you're rooting for the lesser evil.",false,false,2014-12-29T00:00:00Z,,,,false,No,"{""document""=>{""object""=>""document"", ""children""=>[{""data""=>{}, ""type""=>""paragraph"", ""object""=>""block"", ""children""=>[{""text""=>""I really enjoyed this, one of those tales where you're rooting for the lesser evil."", ""object""=>""text""}]}]}}"
The Cartel,Don Winslow,Power of the Dog (#2.0),Read,Public,434962,17453269,1101874996,9781101874998,,Book,us,en,,641,,2015-01-01,Knopf,,,,,"",2016-01-21,"",2016-03-16,4.0,,false,false,2016-03-16T00:00:00Z,,,,false,No,{}
Adult Children of Emotionally Immature Parents,Lindsay C. Gibson,,Read,Public,427607,20062409,,,,Book,us,en,,201,,2015-01-01,New Harbinger Publications,,,,,"",2023-07-03,"",2023-07-08,4.0,,false,false,2023-07-08T00:00:00Z,,,,false,No,{}
The Moral Landscape: How Science Can Determine Human Values,Sam Harris,,Read,Public,266050,30479565,1439171211,9781439171219,,Book,be,en,,291,,2010-01-01,,,,,,"",2014-12-15,"",2014-12-15,4.0,,false,false,2014-12-15T00:00:00Z,,,,false,No,{}
Hitch-22: A Memoir,Christopher Hitchens,,Read,Public,710366,20405428,0446540331,9780446540339,,Book,us,en,,434,,2010-01-01,Twelve,,,,,"",2014-12-15,"",2014-12-15,4.0,,false,false,2014-12-15T00:00:00Z,,,,false,No,{}
Once Gone,Blake Pierce,a Riley Paige Mystery--Book (#1.0),Read,Public,562725,30523328,1632914697,9781632914699,,Book,us,en,,236,,2015-12-10,Blake Pierce,,,,,"",2018-11-27,"",2023-07-24,,,false,false,2023-07-24T00:00:00Z,,,,false,No,{}
Dark Matter,Blake Crouch,,Read,Public,57214,10826328,1101904224,9781101904220,,Book,us,en,,340,,2016-07-26,National Geographic Books,,,,,"",2017-01-18,"",2017-01-20,5.0,,false,false,2017-01-20T00:00:00Z,,,,false,No,{}
Whoever fights monsters,"Robert K. Ressler, Tom Shachtman",,Read,Public,366216,30598515,0312950446,9780312950446,,Book,us,en,,400,,1993-03-15,St. Martin's Press,,,,,"",2020-02-18,"",2020-02-18,5.0,,false,false,2020-02-18T00:00:00Z,,,,false,No,{}
The Power of the Dog,Don Winslow,Power of the Dog (#1.0),Read,Public,434752,13310717,1433245485,9781433245480,,Book,us,en,,539,,2005-04-26,Vintage Crime/Black Lizard,,,,,"",2017-04-19,"",2017-04-19,4.0,,false,false,2017-04-19T00:00:00Z,,,,false,No,{}
Dead Harvest,Chris F. Holm,,Read,Public,438730,30405004,0857662198,9780857662194,,Book,us,en,,300,,2012-02-28,Scholastic Incorporated,,,,,"",2018-09-26,"",2018-09-29,5.0,"Captivating!

I've never read anything like this. It's absolutely captivating and I'll be thinking about this story for a long time.",false,false,2018-09-29T00:00:00Z,,,,false,No,"{""document""=>{""object""=>""document"", ""children""=>[{""data""=>{}, ""type""=>""paragraph"", ""object""=>""block"", ""children""=>[{""bold""=>true, ""text""=>""Captivating!"", ""object""=>""text""}, {""data""=>{}, ""type""=>""br"", ""object""=>""inline"", ""children""=>[]}, {""data""=>{}, ""type""=>""br"", ""object""=>""inline"", ""children""=>[]}, {""text""=>""I've never read anything like this. It's absolutely captivating and I'll be thinking about this story for a long time."", ""object""=>""text""}]}]}}"
The Girl Who Played With Fire,"Stieg Larsson, Reg Keeland (Translator)",Millennium (#2.0),Read,Public,444640,30462743,853591627X,9788535916270,,Book,us,pt,,642,,2006-01-01,Vintage,,,,,"",2015-01-30,"",2015-02-07,4.0,,false,false,2015-02-07T00:00:00Z,,,,false,No,{}
Meditations,"Marcus Aurelius, Martin Hammond (Translator)",,Read,Public,157096,14481296,0140449337,9780140449334,,Book,us,en,,254,,0180-01-01,Penguin UK,,,,,"",2013-08-10,"",2014-12-15,5.0,"It was so interesting to read the wide array of thoughts that he recorded. While I'm not a stoic, it helped me understand them and it was awesome to see the constant inner conflict that I associate with all humans, but especially stoics.",false,false,2014-12-15T00:00:00Z,,,,false,No,"{""document""=>{""object""=>""document"", ""children""=>[{""data""=>{}, ""type""=>""paragraph"", ""object""=>""block"", ""children""=>[{""text""=>""It was so interesting to read the wide array of thoughts that he recorded. While I'm not a stoic, it helped me understand them and it was awesome to see the constant inner conflict that I associate with all humans, but especially stoics."", ""object""=>""text""}]}]}}"
Deadly Web,"Mike Omer, Michael Omer",Glenmore Park Mystery (#2.0),Read,Public,654315,30635622,8381398193,9788381398190,,Book,us,pl,,189,,2016-06-24,Amazon Digital Services LLC ,,,,,"",2018-11-19,"",2018-11-26,4.0,,false,false,2018-11-26T00:00:00Z,,,,false,No,{}
Confessions of a Public Speaker,Scott Berkun,,Read,Public,433036,24901190,1449388701,9781449388706,,Book,us,en,,242,,2009-01-01,"""O'Reilly Media, Inc.""",,,,,"",2014-12-15,"",2014-12-15,4.0,,false,false,2014-12-15T00:00:00Z,,,,false,No,{}
The Jefferson Bible,Thomas Jefferson,,Read,Public,441111,10162991,1557091846,9781557091840,,Book,,,,104,,1819-01-01,,,,,,"",2012-12-25,"",2013-02-02,3.0,"I always struggle with the language, but it was interesting to have everything boiled down to the life lessons from Jesus.",false,false,2013-02-02T00:00:00Z,,,,false,No,"{""document""=>{""object""=>""document"", ""children""=>[{""data""=>{}, ""type""=>""paragraph"", ""object""=>""block"", ""children""=>[{""text""=>""I always struggle with the language, but it was interesting to have everything boiled down to the life lessons from Jesus."", ""object""=>""text""}]}]}}"
The Science of Good and Evil,Michael Shermer,,Read,Public,570264,30532630,,,,Book,,,,368,,2004-01-01,,,,,,"",2014-12-15,"",2014-12-15,4.0,,false,false,2014-12-15T00:00:00Z,,,,false,No,{}
American Kingpin,Nick Bilton,,Read,Public,378477,30401046,1591848148,9781591848141,,Book,,,,352,,2017-05-02,,,,,,"",2020-02-25,"",2020-02-25,4.0,,false,false,2020-02-25T00:00:00Z,,,,false,No,{}
Hardboiled Web Design,Andy      Clarke,,Read,Public,470552,30391387,1907828001,9781907828003,,Book,,,,620,,2010-10-01,,,,,,"",2011-01-01,"",2011-01-01,4.0,"This was really good, though I would suggest it more for anyone that hasn't already dove into using CSS3. I was able to skip big portions of it but there were still some great takeaways.",false,false,2011-01-01T00:00:00Z,,,,false,No,"{""document""=>{""object""=>""document"", ""children""=>[{""data""=>{}, ""type""=>""paragraph"", ""object""=>""block"", ""children""=>[{""text""=>""This was really good, though I would suggest it more for anyone that hasn't already dove into using CSS3. I was able to skip big portions of it but there were still some great takeaways."", ""object""=>""text""}]}]}}"
Sexy Web Design: Creating Interfaces that Work,Elliott Jay Stocks,,Want to Read,Public,789395,30794088,0980455235,9780980455236,,Book,us,,,152,,2008-02-15,,,,,,"",2010-03-16,"","",,,false,false,,,,,false,No,{}
Origin,Dan Brown,Robert Langdon (#5.0),Read,Public,1938541,30382503,1473543347,9781473543348,1473543347,Ebook,us,en,,461,,2017-10-03,Transworld Digital,,,,,"",2017-10-19,"",2017-11-04,5.0,"You'll race to the end and then ponder what you read.

I love the pace of Dan Brown books and each time I read one I spend days afterwards reading about art and history. Most have filled me with wonder about our past, but this one has filled me with wonder about our future.",false,false,2017-11-04T00:00:00Z,,,,false,No,"{""document""=>{""object""=>""document"", ""children""=>[{""data""=>{}, ""type""=>""paragraph"", ""object""=>""block"", ""children""=>[{""bold""=>true, ""text""=>""You'll race to the end and then ponder what you read."", ""object""=>""text""}, {""data""=>{}, ""type""=>""br"", ""object""=>""inline"", ""children""=>[]}, {""data""=>{}, ""type""=>""br"", ""object""=>""inline"", ""children""=>[]}, {""text""=>""I love the pace of Dan Brown books and each time I read one I spend days afterwards reading about art and history. Most have filled me with wonder about our past, but this one has filled me with wonder about our future."", ""object""=>""text""}]}]}}"
Web of Fear,Mike Omer,Glenmore Park Mystery (#3.0),Read,Public,654314,30635621,,,,Book,,,,312,,2016-10-05,,,,,,"",2018-11-26,"",2018-11-30,4.0,,false,false,2018-11-30T00:00:00Z,,,,false,No,{}
Finding Claire Fletcher,Lisa  Regan,Claire Fletcher and Detective Parks (#1.0),Read,Public,537031,30492972,,,,Book,,,,325,,2012-08-06,,,,,,"",2020-08-03,"",2020-08-31,5.0,"Wonderful mix of light and darkness

In addition to a captivating story, there is a dive into the psyche of a captive and survivor of captivity.",false,false,2020-08-31T00:00:00Z,,,,false,No,"{""document""=>{""object""=>""document"", ""children""=>[{""data""=>{}, ""type""=>""paragraph"", ""object""=>""block"", ""children""=>[{""bold""=>true, ""text""=>""Wonderful mix of light and darkness"", ""object""=>""text""}, {""data""=>{}, ""type""=>""br"", ""object""=>""inline"", ""children""=>[]}, {""data""=>{}, ""type""=>""br"", ""object""=>""inline"", ""children""=>[]}, {""text""=>""In addition to a captivating story, there is a dive into the psyche of a captive and survivor of captivity."", ""object""=>""text""}]}]}}"
I'll Be Gone in the Dark: One Woman's Obsessive Search for the Golden State Killer,"Michelle McNamara, Gillian Flynn (Introduction)",,Read,Public,173604,30399324,0062319809,9780062319807,,Book,us,en,,352,,2018-02-27,HarperCollins Publishers,,,,,"",2020-01-22,"",2020-01-22,5.0,,false,false,2020-01-22T00:00:00Z,,,,false,No,{}
The Summer Children,Dot Hutchison,The Collector (#3.0),Read,Public,440575,30405017,1542049881,9781542049887,,Book,,,,292,,2018-05-22,,,,,,"",2018-10-04,"",2018-10-13,5.0,,false,false,2018-10-13T00:00:00Z,,,,false,No,{}
Vanishing Girls,Lisa  Regan,Detective Josie Quinn (#1.0),Read,Public,559642,30519696,1538734117,9781538734117,,Book,us,en,,334,,2018-01-17,Grand Central Publishing,,,,,"",2018-08-24,"",2018-09-25,5.0,"Didn't want to stop reading!

This was well-done, one of the more exciting stories I've read in a while, with a good mix of emotion, action, and suspense.",false,false,2018-09-25T00:00:00Z,,,,false,No,"{""document""=>{""object""=>""document"", ""children""=>[{""data""=>{}, ""type""=>""paragraph"", ""object""=>""block"", ""children""=>[{""bold""=>true, ""text""=>""Didn't want to stop reading!"", ""object""=>""text""}, {""data""=>{}, ""type""=>""br"", ""object""=>""inline"", ""children""=>[]}, {""data""=>{}, ""type""=>""br"", ""object""=>""inline"", ""children""=>[]}, {""text""=>""This was well-done, one of the more exciting stories I've read in a while, with a good mix of emotion, action, and suspense."", ""object""=>""text""}]}]}}"
American Gods,Neil Gaiman,American Gods (#1.0),Want to Read,Public,657,30400277,0062561472,9780062561473,,Book,us,es,,480,,2001-06-19,Roca Editorial,,,,,"",2019-05-19,"","",,,false,false,,,,,false,No,{}
Butterfly Kisses,Patrick  Logan,Detective Damien Drake (#1.0),Read,Public,538751,30494714,,,,Book,,,,,,2017-07-05,,,,,,"",2019-01-26,"",2023-07-24,,,false,false,2023-07-24T00:00:00Z,,,,false,No,{}
A Killer's Mind,Mike Omer,Zoe Bentley Mystery (#1.0),Read,Public,484922,30425648,1503901904,9781503901902,,Book,us,en,,378,,2018-08-01,Thomas & Mercer,,,,,"",2018-09-03,"",2018-09-06,5.0,"The best serial killer story I've read in a long time

I was hooked from the opening paragraph and absolutely loved this book. There's an sharing of the killer's psyche that I hadn't experienced before and it was intriguing. I never wanted to put it down and now I have to read his other series while I wait for the next Zoe Bentley story.",false,false,2018-09-06T00:00:00Z,,,,false,No,"{""document""=>{""object""=>""document"", ""children""=>[{""data""=>{}, ""type""=>""paragraph"", ""object""=>""block"", ""children""=>[{""bold""=>true, ""text""=>""The best serial killer story I've read in a long time"", ""object""=>""text""}, {""data""=>{}, ""type""=>""br"", ""object""=>""inline"", ""children""=>[]}, {""data""=>{}, ""type""=>""br"", ""object""=>""inline"", ""children""=>[]}, {""text""=>""I was hooked from the opening paragraph and absolutely loved this book. There's an sharing of the killer's psyche that I hadn't experienced before and it was intriguing. I never wanted to put it down and now I have to read his other series while I wait for the next Zoe Bentley story."", ""object""=>""text""}]}]}}"
The Art of Fear,Pamela Crane,The Little Things That Kill (#1.0),Read,Public,495257,30443353,1940662095,9781940662091,,Book,,,,306,,2018-02-01,,,,,,"",2018-10-13,"",2018-11-01,3.0,,false,false,2018-11-01T00:00:00Z,,,,false,No,{}
Firewall,"Henning Mankell, Ebba Segerberg (Translator)",,Want to Read,Public,173241,9338323,0099459051,9780099459057,,Book,,,,534,,1998-01-01,,,,,,"",2015-01-01,"","",,,false,false,,,,,false,No,{}
Blood Meridian: Or the Evening Redness in the West,Cormac McCarthy,,Read,Public,1363747,4436019,0679728759,9780679728757,,Book,us,en,,365,,1985-04-28,Vintage,,,,,"",2015-01-16,"",2015-01-16,5.0,I loved this book. it took me a while to get used to the dialect in the beginning and that challenge made it all the better. Some fantastic moments throughout and it left me wondering how we survived this period at all.,false,false,2015-01-16T00:00:00Z,,,,false,No,"{""document""=>{""object""=>""document"", ""children""=>[{""data""=>{}, ""type""=>""paragraph"", ""object""=>""block"", ""children""=>[{""text""=>""I loved this book. it took me a while to get used to the dialect in the beginning and that challenge made it all the better. Some fantastic moments throughout and it left me wondering how we survived this period at all."", ""object""=>""text""}]}]}}"
Watching,Blake Pierce,The Making of Riley Paige (#1.0),Read,Public,561208,30521721,1640294120,9781640294127,,Book,gb,en,,340,,2018-05-15,,,,,,"",2023-01-02,"",2023-01-02,4.0,,false,false,2023-01-02T00:00:00Z,,,,false,No,{}
The Vanishing Season,Dot Hutchison,The Collector (#4.0),Read,Public,440584,30405027,1542040221,9781542040228,,Book,us,en,,0,,2019-01-01,,,,,,"",2020-05-16,"",2020-05-23,4.0,"Familiar characters but a new vibe

I feel like I know this group of characters, but this one took it to a new level. I couldn't put it down but this one was more heart-wrenchimg than suspenseful.",false,false,2020-05-23T00:00:00Z,,,,false,No,"{""document""=>{""object""=>""document"", ""children""=>[{""data""=>{}, ""type""=>""paragraph"", ""object""=>""block"", ""children""=>[{""bold""=>true, ""text""=>""Familiar characters but a new vibe"", ""object""=>""text""}, {""data""=>{}, ""type""=>""br"", ""object""=>""inline"", ""children""=>[]}, {""data""=>{}, ""type""=>""br"", ""object""=>""inline"", ""children""=>[]}, {""text""=>""I feel like I know this group of characters, but this one took it to a new level. I couldn't put it down but this one was more heart-wrenchimg than suspenseful."", ""object""=>""text""}]}]}}"
The Pied Piper,Harold Schechter,Bloodlands Collection (#6.0),Read,Public,616048,30589342,,,,Book,,,,,,2018-06-28,,,,,,"",2018-09-12,"",2018-09-13,4.0,,false,false,2018-09-13T00:00:00Z,,,,false,No,{}
The Pirate,Harold Schechter,Bloodlands Collection (#1.0),Read,Public,469426,30387261,,,,Book,,,,67,,2018-06-28,,,,,,"",2018-09-13,"",2018-09-14,4.0,,false,false,2018-09-14T00:00:00Z,,,,false,No,{}
Little Slaughterhouse on the Prairie,Harold Schechter,Bloodlands Collection (#2.0),Read,Public,701393,30690714,,,,Book,us,en,,,,2018-06-28,,,,,,"",2018-09-19,"",2018-09-21,4.0,,false,false,2018-09-21T00:00:00Z,,,,false,No,{}
The Devil’s Dice,Roz Watkins,"A DI Meg Dalton thriller, (#1.0)",Read,Public,542713,30499010,0008214638,9780008214630,,Book,,,,393,,2018-03-08,,,,,,"",2018-08-30,"",2018-09-03,4.0,,false,false,2018-09-03T00:00:00Z,,,,false,No,{}
So Say the Fallen,Stuart Neville,DCI Serena Flanagan (#2.0),Read,Public,381714,15327475,1616957395,9781616957391,,Book,,,,356,,2016-01-01,,,,,,"",2018-07-07,"",2018-09-12,3.0,"Great procedural

If you're into procedurals, you'll enjoy this! I lean towards crime novels that include the police portion, so it lacked the book for me. It's a very realistic story, though, and I read it quickly so it's good.",false,false,2018-09-12T00:00:00Z,,,,false,No,"{""document""=>{""object""=>""document"", ""children""=>[{""data""=>{}, ""type""=>""paragraph"", ""object""=>""block"", ""children""=>[{""bold""=>true, ""text""=>""Great procedural"", ""object""=>""text""}, {""data""=>{}, ""type""=>""br"", ""object""=>""inline"", ""children""=>[]}, {""data""=>{}, ""type""=>""br"", ""object""=>""inline"", ""children""=>[]}, {""text""=>""If you're into procedurals, you'll enjoy this! I lean towards crime novels that include the police portion, so it lacked the book for me. It's a very realistic story, though, and I read it quickly so it's good."", ""object""=>""text""}]}]}}"
In Colder Blood,"J.T. Hunter, R.J. Parker, Don Kline (Narrator)",,Read,Public,798386,30805008,,,,Book,us,en,,,,2016-09-18,,,,,,"",2018-07-20,"",2018-07-20,3.0,,false,false,2018-07-20T00:00:00Z,,,,false,No,{}
Hangman,Jack Heath,Timothy Blake (#1.0),Read,Public,38433,30452513,176029747X,9781760297473,,Book,us,en,,280,,2018-01-02,Hanover Square,,,,,"",2018-07-07,"",2018-07-11,4.0,"Didn't want to put it down

The perfect mix of macabre humor, action, and human behavior. The riddles were a fun bonus, I had to look a few up.",false,false,2018-07-11T00:00:00Z,,,,false,No,"{""document""=>{""object""=>""document"", ""children""=>[{""data""=>{}, ""type""=>""paragraph"", ""object""=>""block"", ""children""=>[{""bold""=>true, ""text""=>""Didn't want to put it down"", ""object""=>""text""}, {""data""=>{}, ""type""=>""br"", ""object""=>""inline"", ""children""=>[]}, {""data""=>{}, ""type""=>""br"", ""object""=>""inline"", ""children""=>[]}, {""text""=>""The perfect mix of macabre humor, action, and human behavior. The riddles were a fun bonus, I had to look a few up."", ""object""=>""text""}]}]}}"
Adjustment Day,Chuck Palahniuk,,Read,Public,482046,30422057,0393652599,9780393652598,,Book,,,,336,,2018-05-01,,,,,,"",2018-06-10,"",2018-07-07,3.0,"Clever

There are some wonderful lines and overall the sarcasm is fun. It got a little too fantastical for taste, but it was entertaining.",false,false,2018-07-07T00:00:00Z,,,,false,No,"{""document""=>{""object""=>""document"", ""children""=>[{""data""=>{}, ""type""=>""paragraph"", ""object""=>""block"", ""children""=>[{""bold""=>true, ""text""=>""Clever"", ""object""=>""text""}, {""data""=>{}, ""type""=>""br"", ""object""=>""inline"", ""children""=>[]}, {""data""=>{}, ""type""=>""br"", ""object""=>""inline"", ""children""=>[]}, {""text""=>""There are some wonderful lines and overall the sarcasm is fun. It got a little too fantastical for taste, but it was entertaining."", ""object""=>""text""}]}]}}"
"Life: Politics, Human Rights, and What the Buddha Said About Life","Hsing Yun, Robert Smitheram, John Gill (Editor), Nathan Michon (Editor)",,Read,Public,798387,30805009,1932293469,9781932293463,,Book,us,,,,,2011-08-09,,,,,,"",2013-02-02,"",2013-08-10,5.0,,false,false,2013-08-10T00:00:00Z,,,,false,No,{}
The Kremlin's Candidate,Jason  Matthews,Red Sparrow Trilogy (#3.0),Read,Public,601496,30571545,1508227640,9781508227649,,Book,us,en,,434,,2018-02-13,Scribner,,,,,"",2018-03-21,"",2018-04-05,5.0,,false,false,2018-04-05T00:00:00Z,,,,false,No,{}
Palace of Treason,Jason  Matthews,Red Sparrow Trilogy (#2.0),Read,Public,376020,30500620,1405920831,9781405920834,,Book,us,en,,608,,2015-06-02,Penguin Books Limited,,,,,"",2018-03-11,"",2018-03-21,5.0,,false,false,2018-03-21T00:00:00Z,,,,false,No,{}
The Force,Don Winslow,,Read,Public,160667,30403393,0062664417,9780062664419,,Book,us,en,,496,,2017-01-01,William Morrow,,,,,"",2017-10-08,"",2017-10-19,4.0,,false,false,2017-10-19T00:00:00Z,,,,false,No,{}
Aftermath,Peter Robinson,Inspector Banks (#12.0),Read,Public,148679,18506121,006240024X,9780062400246,,Book,us,en,,532,,2001-10-02,Pan Macmillan,,,,,"",2017-09-06,"",2017-09-17,,,false,false,2017-09-17T00:00:00Z,,,,false,No,{}
"The Serial Killer Files: The Who, What, Where, How, and Why of the World's Most Terrifying Murderers",Harold Schechter,,Read,Public,798389,30805011,,,B000FC0Y0E,Ebook,us,en,,432,,2003-12-30,,,,,,"",2017-06-26,"",2017-08-30,3.0,,false,false,2017-08-30T00:00:00Z,,,,false,No,{}
Once Taken,Blake Pierce,Riley Paige (#2.0),Read,Public,1881156,30805010,1632915642,9781632915641,,Book,us,en,,296,,2016-02-14,Blake Pierce,,,,,"",2017-09-03,"",2017-09-06,4.0,,false,false,2017-09-06T00:00:00Z,,,,false,No,{}
How to Start a Podcast: From 0 to 10 million downloads per month. One year with Casefile True Crime Podcast,Mike Migas,,Read,Public,798390,30805012,,,,Book,us,,,,,,,,,,,"",2017-08-09,"",2017-08-17,4.0,,false,false,2017-08-17T00:00:00Z,,,,false,No,{}
Dead Silent,Mark Roberts,DCI Eve Clay (#2.0),Read,Public,798391,30805013,,,,Book,us,en,,,,2016-05-05,,,,,,"",2016-12-01,"",2016-12-01,3.0,,false,false,2016-12-01T00:00:00Z,,,,false,No,{}
Orient,Christopher Bollen,,Read,Public,121462,6811513,0062329952,9780062329950,,Book,us,en,,624,,2015-01-01,,,,,,"",2016-11-21,"",2016-11-21,3.0,,false,false,2016-11-21T00:00:00Z,,,,false,No,{}
Rise the Dark,Michael Koryta,Mark Novak (#2.0),Read,Public,440329,27984467,0316293830,9780316293839,,Book,,,,12,,2016-08-16,,,,,,"",2016-11-21,"",2016-11-21,4.0,,false,false,2016-11-21T00:00:00Z,,,,false,No,{}
Pursuit,Thomas Perry,,Read,Public,798392,30805014,0786157526,9780786157525,,Book,us,en,,402,,2001-12-18,,,,,,"",2016-10-04,"",2016-10-04,4.0,,false,false,2016-10-04T00:00:00Z,,,,false,No,{}
The Harbinger: The Ancient Mystery that Holds the Secret of America's Future,Jonathan Cahn,The Harbinger (#1.0),Read,Public,798393,30805015,,,B005IYEQKI,Ebook,us,en,,272,,2012-01-12,FrontLine (Charisma House),,,,,"",2016-09-18,"",2016-09-18,2.0,"This has some spoilers!

If this was a non-fiction book sharing the similarities between the fall of Ancient Israel and the major events affecting the U.S., I'd probably give it a 4. Spoiler alert: there were many and they were really interesting.

It's a 2 only because of how interesting the information was. The actual story was so hard to read. It was an afterthought, something to wrap all of the information in. This guy gets handed a series of clues, wanders around for weeks or months with each one until the guy that gave him the clue (aka the myserious prophet) shows back up to tell him the answer. This happens over and over. Luckily there's a slight bit of progress in that with the last few he actually reads some things and gets help from others (and still gets them wrong.) Books like The Da Vinci Code have stories that could stand on their own but also shove in a bunch of art and religious history. I'm not a book snob and I'm not an academic and even I felt insulted by using the story as a mask. The author even tells you he's done it near the end.

That said, I didn't stop reading it for 2 reasons: first, the information about the two was very interesting. Second, my dad had recommended it (on top of it being on my wish list) and I wanted to be able to talk with him about it. 

The only way to read this book is to completely remove the characters as you go and focus on the long shares from the prophet.",false,false,2016-09-18T00:00:00Z,,,,false,No,"{""document""=>{""object""=>""document"", ""children""=>[{""data""=>{}, ""type""=>""paragraph"", ""object""=>""block"", ""children""=>[{""text""=>""This has some spoilers!"", ""object""=>""text""}, {""data""=>{}, ""type""=>""br"", ""object""=>""inline"", ""children""=>[]}, {""data""=>{}, ""type""=>""br"", ""object""=>""inline"", ""children""=>[]}, {""text""=>""If this was a non-fiction book sharing the similarities between the fall of Ancient Israel and the major events affecting the U.S., I'd probably give it a 4. Spoiler alert: there were many and they were really interesting."", ""object""=>""text""}, {""data""=>{}, ""type""=>""br"", ""object""=>""inline"", ""children""=>[]}, {""data""=>{}, ""type""=>""br"", ""object""=>""inline"", ""children""=>[]}, {""text""=>""It's a 2 only because of how interesting the information was. The actual story was so hard to read. It was an afterthought, something to wrap all of the information in. This guy gets handed a series of clues, wanders around for weeks or months with each one until the guy that gave him the clue (aka the myserious prophet) shows back up to tell him the answer. This happens over and over. Luckily there's a slight bit of progress in that with the last few he actually reads some things and gets help from others (and still gets them wrong.) Books like The Da Vinci Code have stories that could stand on their own but also shove in a bunch of art and religious history. I'm not a book snob and I'm not an academic and even I felt insulted by using the story as a mask. The author even tells you he's done it near the end."", ""object""=>""text""}, {""data""=>{}, ""type""=>""br"", ""object""=>""inline"", ""children""=>[]}, {""data""=>{}, ""type""=>""br"", ""object""=>""inline"", ""children""=>[]}, {""text""=>""That said, I didn't stop reading it for 2 reasons: first, the information about the two was very interesting. Second, my dad had recommended it (on top of it being on my wish list) and I wanted to be able to talk with him about it. "", ""object""=>""text""}, {""data""=>{}, ""type""=>""br"", ""object""=>""inline"", ""children""=>[]}, {""data""=>{}, ""type""=>""br"", ""object""=>""inline"", ""children""=>[]}, {""text""=>""The only way to read this book is to completely remove the characters as you go and focus on the long shares from the prophet."", ""object""=>""text""}]}]}}"
The Inquisitor's Key,Jefferson Bass,Body Farm (#7.0),Read,Public,762102,30762372,006180679X,9780061806797,,Book,us,en,,353,,2012-01-01,,,,,,"",2016-07-27,"",2016-07-27,4.0,,false,false,2016-07-27T00:00:00Z,,,,false,No,{}
Badge of Evil,"Craig Horowitz, Bill Stanton",,Read,Public,798394,30805016,,,,Book,us,en,,,,2015-07-28,,,,,,"",2016-07-13,"",2016-07-13,4.0,,false,false,2016-07-13T00:00:00Z,,,,false,No,{}
"Gangster Warlords: Drug Dollars, Killing Fields, and the New Politics of Latin America",Ioan Grillo,,Read,Public,798395,30805017,1620403811,9781620403815,,Book,us,en,,385,,2016-01-19,Bloomsbury Publishing USA,,,,,"",2016-05-14,"",2016-06-19,4.0,,false,false,2016-06-19T00:00:00Z,,,,false,No,{}
The A to Z Encyclopedia of Serial Killers,Harold Schechter,,Want to Read,Public,798396,30805018,0671020749,9780671020743,,Book,mx,en,,352,,1996-10-01,,,,,,"",2016-06-14,"","",,,false,false,,,,,false,No,{}
An Evil Mind,Chris Carter,Robert Hunter (#6.0),Read,Public,542680,30498952,1471141985,9781471141980,,Ebook,us,en,,404,,2014-07-31,Simon & Schuster,,,,,"",2016-03-24,"",2016-03-29,4.0,,false,false,2016-03-29T00:00:00Z,,,,false,No,{}
Midnight sun,Jo Nesbø,Blood on Snow (#2.0),Read,Public,313281,5402462,0345814622,9780345814623,,Book,,,,214,,2015-01-01,,,,,,"",2016-03-19,"",2016-03-20,3.0,,false,false,2016-03-20T00:00:00Z,,,,false,No,{}
Headhunters,"Jo Nesbø, Don Bartlett (Translator)",,Read,Public,48404,4438908,0307948684,9780307948687,,Book,,,,135,,2008-01-01,,,,,,"",2015-08-29,"",2015-08-29,4.0,,false,false,2015-08-29T00:00:00Z,,,,false,No,{}
Blood on Snow,Jo Nesbø,Blood on Snow (#1.0),Read,Public,122961,25150359,1846559928,9781846559921,,Book,us,en,,210,,2014-10-02,Random House,,,,,"",2015-08-22,"",2015-08-22,4.0,,false,false,2015-08-22T00:00:00Z,,,,false,No,{}
Policja,"Jo Nesbø, Iwona Zimnicka (Translator)",Harry Hole (#10.0),Read,Public,727421,30721960,832459406X,9788324594061,,Book,us,pl,,472,,2013-10-15,,,,,,"",2015-08-10,"",2015-08-10,5.0,,false,false,2015-08-10T00:00:00Z,,,,false,No,{}
Phantom,Jo Nesbø,Harry Hole (#9.0),Read,Public,23885,5387030,0307960471,9780307960474,,Ebook,us,en,,547,,2011-01-01,Knopf Publishing Group,,,,,"",2015-08-02,"",2015-08-02,4.0,,false,false,2015-08-02T00:00:00Z,,,,false,No,{}
Panserhjerte,"Jo Nesbø, Don Bartlett (Translator)",Harry Hole (#8.0),Read,Public,447346,30408146,8203195512,9788203195518,,Ebook,us,no,,644,,2009-01-01,Aschehoug,,,,,"",2015-07-20,"",2015-07-20,4.0,,false,false,2015-07-20T00:00:00Z,,,,false,No,{}
Black list a thriller,Brad Thor,Scot Harvath (#11.0),Read,Public,510426,30462486,1410450767,9781439192986,,Book,us,en,,384,,2012-01-01,Simon & Schuster,,,,,"",2015-05-17,"",2015-06-15,4.0,,false,false,2015-06-15T00:00:00Z,,,,false,No,{}
The Lost Symbol,Dan Brown,Robert Langdon (#3.0),Read,Public,555,2305494,1409603016,9781409603016,1409603016,Book,us,en,,509,,2009-01-01,,,,,,"",2014-12-15,"",2014-12-15,5.0,,false,false,2014-12-15T00:00:00Z,,,,false,No,{}
Heart of Darkness,"Joseph Conrad, David Zane Mairowitz (Adapter), Catherine Anyango Grünewald (Illustrator)",,Read,Public,31677,10841218,1580495753,9781400128464,,Book,us,en,,228,,1899-01-01,Prestwick House Inc,,,,,"",2015-05-02,"",2015-05-02,3.0,,false,false,2015-05-02T00:00:00Z,,,,false,No,{}
Alias Grace,Margaret Atwood,,Read,Public,430142,23492829,0770427596,,,Book,ch,en,,636,,1996-09-07,Seal Books,,,,,"",2015-03-28,"",2015-03-28,3.0,,false,false,2015-03-28T00:00:00Z,,,,false,No,{}
90 Miles to Havana,Enrique Flores-Galbis,,Read,Public,27778,3267244,1250005590,9781250005595,,Book,us,en,,304,,2010-08-03,Square Fish,,,,,"",2015-03-13,"",2015-03-13,5.0,,false,false,2015-03-13T00:00:00Z,,,,false,No,{}
Revolution,Russell Brand,,Read,Public,798397,30805019,1101882913,9781101882917,,Book,us,,,324,,2014-01-01,,,,,,"",2014-12-19,"",2015-01-16,3.0,"I wanted to love this book. I still want to love this book. It was entertaining, but I didn't learn much that I didn't already understand about the needs for a revolution or the way in which it could start. Brand is hilarious and that made it worth listening to, but I wouldn't recommend it for anyone seriously studying wealth imbalance. Plus, I don't agree with his spirituality. That wouldn't matter if it wasn't used as one of 2 primary reasons that we need a revolution. If he dropped that and instead expounded more on how a revolution could play out, this would have been fantastic.",false,false,2015-01-16T00:00:00Z,,,,false,No,"{""document""=>{""object""=>""document"", ""children""=>[{""data""=>{}, ""type""=>""paragraph"", ""object""=>""block"", ""children""=>[{""text""=>""I wanted to love this book. I still want to love this book. It was entertaining, but I didn't learn much that I didn't already understand about the needs for a revolution or the way in which it could start. Brand is hilarious and that made it worth listening to, but I wouldn't recommend it for anyone seriously studying wealth imbalance. Plus, I don't agree with his spirituality. That wouldn't matter if it wasn't used as one of 2 primary reasons that we need a revolution. If he dropped that and instead expounded more on how a revolution could play out, this would have been fantastic."", ""object""=>""text""}]}]}}"
Child of God,Cormac McCarthy,,Read,Public,482217,30422232,0307762483,9780307762481,,Book,ca,en,,208,,1973-01-01,Vintage,,,,,"",2014-12-29,"",2014-12-31,5.0,,false,false,2014-12-31T00:00:00Z,,,,false,No,{}
Buddhism for Beginners: A Complete Course on the Heart of the Buddha's Teachings,Jack Kornfield,,Read,Public,798398,30805020,1591793971,9781591793977,,Book,us,,,,,2001-01-01,,,,,,"",2014-12-15,"",2014-12-15,4.0,,false,false,2014-12-15T00:00:00Z,,,,false,No,{}
Deconverted: A Journey from Religion to Reason,"Seth Andrews, Matt Dillahunty (Contributor)",,Read,Public,798399,30805021,,,,Book,us,en,,183,,2012-12-04,,,,,,"",2014-12-15,"",2014-12-15,4.0,,false,false,2014-12-15T00:00:00Z,,,,false,No,{}
We Can All Do Better,Bill Bradley,,Read,Public,798400,30805022,1593157290,9781593157296,,Book,us,,,,,2012-01-01,,,,,,"",2014-12-15,"",2014-12-15,4.0,,false,false,2014-12-15T00:00:00Z,,,,false,No,{}
The God Game,Mike Hockney,,Read,Public,798401,30805023,,,,Book,us,en,,285,,2012-07-04,,,,,,"",2014-12-15,"",2014-12-15,5.0,,false,false,2014-12-15T00:00:00Z,,,,false,No,{}
"The Designer Says: Quotes, Quips, and Words of Wisdom",Sara Bader (Editor),,Read,Public,798402,30805024,1616891343,9781616891343,,Book,us,,,,,2013-04-01,,,,,,"",2014-12-15,"",2014-12-15,4.0,,false,false,2014-12-15T00:00:00Z,,,,false,No,{}
"Pay Any Price: Greed, Power, and Endless War",James Risen,,Read,Public,798403,30805025,0544341414,9780544341418,,Book,us,,,,,2014-10-14,,,,,,"",2014-12-15,"",2014-12-15,5.0,,false,false,2014-12-15T00:00:00Z,,,,false,No,{}
Cross,James Patterson,Alex Cross (#12.0),Read,Public,83261,13307288,0316159794,9780316159791,,Book,us,en,,393,,2006-11-01,"Little, Brown and Company",,,,,"",2014-12-15,"",2014-12-15,4.0,,false,false,2014-12-15T00:00:00Z,,,,false,No,{}
Double Cross,James Patterson,Alex Cross (#13.0),Read,Public,193353,30458587,0316015059,9780316015059,,Book,us,en,,450,,2007-11-01,"Little, Brown",,,,,"",2014-12-15,"",2014-12-15,4.0,,false,false,2014-12-15T00:00:00Z,,,,false,No,{}
Cross Country,James Patterson,Alex Cross (#14.0),Read,Public,199529,11051728,0316024643,9780316024648,,Book,us,en,,484,,2008-01-01,"Little, Brown",,,,,"",2014-12-15,"",2014-12-15,2.0,,false,false,2014-12-15T00:00:00Z,,,,false,No,{}
The Beginner's Guide to Buddhism,Jack Kornfield,,Read,Public,798404,30805026,156455886X,9781564558862,,Book,us,,,,,2001-01-01,,,,,,"",2013-02-02,"",2013-02-02,5.0,,false,false,2013-02-02T00:00:00Z,,,,false,No,{}
Buddha's Little Instruction Book,Jack Kornfield,,Read,Public,798405,30805027,0553373854,9780553373851,,Book,us,,,160,,1994-05-01,,,,,,"",2013-02-02,"",2013-02-02,,,false,false,2013-02-02T00:00:00Z,,,,false,No,{}
The Armageddon Conspiracy,Mike Hockney,,Read,Public,798406,30805028,1847994741,9781847994745,,Book,us,,,,,2008-01-19,,,,,,"",2012-12-25,"",2012-12-25,4.0,,false,false,2012-12-25T00:00:00Z,,,,false,No,{}
The Last Bling King,Mike Hockney,,Read,Public,798407,30805029,1441497595,9781441497598,,Book,us,,,,,2009-03-01,,,,,,"",2012-12-25,"",2012-12-25,4.0,,false,false,2012-12-25T00:00:00Z,,,,false,No,{}
Prohibition A,Mike Hockney,,Read,Public,798408,30805030,1847994776,9781847994776,,Book,us,en,,,,2008-01-19,,,,,,"",2012-12-25,"",2012-12-25,4.0,,false,false,2012-12-25T00:00:00Z,,,,false,No,{}
The Millionaires' Death Club,Mike Hockney,,Read,Public,798409,30805031,1847536794,9781847536792,,Book,us,,,,,2008-01-19,,,,,,"",2012-12-25,"",2012-12-25,4.0,,false,false,2012-12-25T00:00:00Z,,,,false,No,{}
Einstein: His Life and His Universe ,Walter Isaacson,,Read,Public,33148,20882799,0743264738,9780743264730,,Book,us,en,,95,,2007-01-01,Simon & Schuster,,,,,"",2014-12-19,"",2014-12-19,5.0,,false,false,2014-12-19T00:00:00Z,,,,false,No,{}
Steve Jobs,Walter Isaacson,,Read,Public,374018,3137059,8184834233,9788184834239,,Book,us,en,,656,,2011-10-24,Simon & Schuster,,,,,"",2012-01-08,"",2012-05-18,5.0,,false,false,2012-05-18T00:00:00Z,,,,false,No,{}
Beyond Religion,"Dalai Lama XIV, Alexander Norman (Contributor)",,Read,Public,431859,8578262,0547636350,9780547636351,,Book,,,,208,,2011-01-01,,,,,,"",2014-12-15,"",2014-12-15,3.0,,false,false,2014-12-15T00:00:00Z,,,,false,No,{}
The Magic of Reality: How We Know What's Really True,"Richard Dawkins, Dave McKean (Illustrator)",,Read,Public,464329,30406509,1439192812,9781439192818,,Book,us,en,,257,,2011-01-01,Simon & Schuster,,,,,"",2014-12-15,"",2014-12-15,5.0,,false,false,2014-12-15T00:00:00Z,,,,false,No,{}
The Imago Sequence and Other Stories,Laird Barron,,Read,Public,435801,6499802,1597800880,9781597800884,,Book,,,,248,,2007-01-01,,,,,,"",2014-12-19,"",2015-12-04,2.0,,false,false,2015-12-04T00:00:00Z,,,,false,No,{}
Mindfulness: An Eight-Week Plan for Finding Peace in a Frantic World,"Danny Penman, J. Mark G. Williams, Jon Kabat-Zinn (Foreword)",,Read,Public,447362,30408155,1609611985,9781609611989,,Book,us,en,,288,,2011-05-01,,,,,,"",2012-01-08,"",2013-08-10,,,false,false,2013-08-10T00:00:00Z,,,,false,No,{}
Currency wars the making of the next global crisis,James Rickards,,Read,Public,721812,30715248,1591844495,9781591844495,,Book,us,en,,288,,2011-01-01,Portfolio,,,,,"",2014-12-15,"",2014-12-15,5.0,,false,false,2014-12-15T00:00:00Z,,,,false,No,{}
The Devil All the Time,Donald Ray Pollock,,Read,Public,81850,30405261,038553504X,9780385535045,038553504X,Book,,en,,261,,2011-07-12,Vintage Books,,,,,"",2014-12-15,"",2014-12-15,5.0,"So dark and fun, one of the recommendations from a list of True Detective fans.",false,false,2014-12-15T00:00:00Z,,,,false,No,"{""document""=>{""object""=>""document"", ""children""=>[{""data""=>{}, ""type""=>""paragraph"", ""object""=>""block"", ""children""=>[{""text""=>""So dark and fun, one of the recommendations from a list of True Detective fans."", ""object""=>""text""}]}]}}"
Beyond Good and Evil,"Friedrich Nietzsche, R.J. Hollingdale (Translator), Michael Tanner (Introduction)",,Read,Public,482336,14719778,014044923X,9780140449235,,Book,us,en,,240,,2003-04-29,Penguin,,,,,"",2014-12-15,"",2014-12-15,4.0,,false,false,2014-12-15T00:00:00Z,,,,false,No,{}
The God Delusion,Richard Dawkins,,Read,Public,382874,15793083,0618680004,9780618680009,,Book,gb,en,,463,,2006-01-01,Houghton Mifflin Harcourt,,,,,"",2014-12-15,"",2014-12-15,5.0,,false,false,2014-12-15T00:00:00Z,,,,false,No,{}
The Call of the Wild,Jack London,,Read,Public,374556,30405583,1420959344,9781420959345,,Book,us,en,,196,,1903-01-01,Disney Electronic Content,,,,,"",2016-08-09,"",2016-08-22,4.0,,false,false,2016-08-22T00:00:00Z,,,,false,No,{}
Interactive Data Visualization for the Web,Scott Murray,,Read,Public,429280,10471853,1449339735,,,Book,,,,272,,2013-01-01,,,,,,"",2014-12-15,"",2014-12-15,4.0,,false,false,2014-12-15T00:00:00Z,,,,false,No,{}
Inferno,Dan Brown,Robert Langdon (#4.0),Read,Public,99335,27154654,1400079152,9781400079155,,Book,us,en,,463,,2013-11-01,Anchor,,,,,"",2014-12-15,"",2014-12-15,5.0,,false,false,2014-12-15T00:00:00Z,,,,false,No,{}
Lost Girls: An Unsolved American Mystery,Robert Kolker,,Read,Public,437829,22777563,,,,Book,us,en,,421,,2013-07-09,HarperCollins Publishers,,,,,"",2020-01-22,"",2020-01-22,5.0,,false,false,2020-01-22T00:00:00Z,,,,false,No,{}
Red Sparrow,"Jason  Matthews, Jeremy Bobb (Narrator)",Red Sparrow Trilogy (#1.0),Read,Public,133052,30452556,1476706123,9781476706122,,Audio,us,en,,551,,2013-06-04,Simon & Schuster,,,,,"",2018-03-02,"",2018-03-11,5.0,,false,false,2018-03-11T00:00:00Z,,,,false,No,{}
"Creativity, Inc.: Overcoming the Unseen Forces That Stand in the Way of True Inspiration","Ed Catmull, Amy    Wallace",,Read,Public,155928,30399439,080412745X,9780812993011,,Book,us,en,,368,,2009-07-24,Random House,,,,,"",2014-12-15,"",2014-12-15,5.0,,false,false,2014-12-15T00:00:00Z,,,,false,No,{}
Reinventing Discovery: The New Era of Networked Science,Michael A. Nielsen,,Read,Public,298020,14845202,0691148902,9780691148908,,Book,,,,,,,,,,,,"",2014-12-15,"",2014-12-15,4.0,,false,false,2014-12-15T00:00:00Z,,,,false,No,{}
The Science of Enlightenment: How Meditation Works,Shinzen Young,,Want to Read,Public,747292,30745150,1591794609,9781591794608,,Book,us,,,,,1998-01-01,,,,,,"",2021-08-28,"","",,,false,false,,,,,false,No,{}
The Evil That Men Do: FBI Profiler Roy Hazelwood's Journey into the Minds of Sexual Predators,"Stephen G. Michaud, Roy Hazelwood",,Read,Public,798412,30805037,,,,Book,us,en,,374,,1999-01-01,,,,,,"",2020-12-10,"",2021-02-04,5.0,,false,false,2021-02-04T00:00:00Z,,,,false,No,{}
A Perfect Grave,Rick Mofina,Jason Wade (#3.0),Read,Public,798413,30805038,1665285869,9781665285865,,Book,us,en,,,,2007-01-01,,,,,,"",2020-11-09,"",2020-11-29,3.0,"Interesting story

I was interested enough to finish it but it lacked the dive into character development or procedure that I enjoy in other books",false,false,2020-11-29T00:00:00Z,,,,false,No,"{""document""=>{""object""=>""document"", ""children""=>[{""data""=>{}, ""type""=>""paragraph"", ""object""=>""block"", ""children""=>[{""bold""=>true, ""text""=>""Interesting story"", ""object""=>""text""}, {""data""=>{}, ""type""=>""br"", ""object""=>""inline"", ""children""=>[]}, {""data""=>{}, ""type""=>""br"", ""object""=>""inline"", ""children""=>[]}, {""text""=>""I was interested enough to finish it but it lacked the dive into character development or procedure that I enjoy in other books"", ""object""=>""text""}]}]}}"
Badlands,Richard Montanari,Jessica Balzano & Kevin Byrne (#4.0),Read,Public,269748,2403098,0345492420,9780345492425,,Book,us,en,,381,,2008-01-01,"Random House Digital, Inc.",,,,,"",2020-11-08,"",2020-11-08,3.0,"Good read

I enjoyed this like I enjoy most procedurals, but my rating comes from a few things being a little more fantastical than other procedurals",false,false,2020-11-08T00:00:00Z,,,,false,No,"{""document""=>{""object""=>""document"", ""children""=>[{""data""=>{}, ""type""=>""paragraph"", ""object""=>""block"", ""children""=>[{""bold""=>true, ""text""=>""Good read"", ""object""=>""text""}, {""data""=>{}, ""type""=>""br"", ""object""=>""inline"", ""children""=>[]}, {""data""=>{}, ""type""=>""br"", ""object""=>""inline"", ""children""=>[]}, {""text""=>""I enjoyed this like I enjoy most procedurals, but my rating comes from a few things being a little more fantastical than other procedurals"", ""object""=>""text""}]}]}}"
Cotton,Paul Heald,Clarkeston Chronicles (#2.0),Read,Public,798414,30805039,,,,Book,us,en,,,,2016-07-05,,,,,,"",2020-08-03,"",2020-08-20,4.0,,false,false,2020-08-20T00:00:00Z,,,,false,No,{}
Her Silent Cry,Lisa  Regan,Detective Josie Quinn (#6.0),Read,Public,798415,30805040,1835257429,9781835257425,,Book,us,,,385,,2019-08-14,,,,,,"",2020-06-29,"",2020-07-25,4.0,,false,false,2020-07-25T00:00:00Z,,,,false,No,{}
The Coveted Girls,Alexa Steele,Suburban Murder (#3.0),Read,Public,798416,30805041,,,,Book,us,en,,,,2017-12-10,,,,,,"",2020-06-22,"",2020-06-28,3.0,,false,false,2020-06-28T00:00:00Z,,,,false,No,{}
The Lost Girls,Alexa Steele,Suburban Murder (#2.0),Read,Public,798417,30805042,,,,Book,us,en,,,,2015-10-05,,,,,,"",2020-06-03,"",2020-06-12,4.0,,false,false,2020-06-12T00:00:00Z,,,,false,No,{}
Sexual Homicide: Patterns and Motives,"Robert K. Ressler, Ann Wolbert Burgess, John E. Douglas",,Read,Public,569833,30532108,0028740637,9780028740638,,Book,,,,264,,1993-01-01,,,,,,"",2020-01-22,"",2020-02-11,3.0,"Excellent information, reads like a textbook

This was filled with great information from a series of well-researched papers and the studies directly of criminals. If you're after a factual breakdown of sexual homicide, this is it. Rightfully so, it reads like a textbook so I would rate it 4 or 5 as reference material, but 3 as a general read.",false,false,2020-02-11T00:00:00Z,,,,false,No,"{""document""=>{""object""=>""document"", ""children""=>[{""data""=>{}, ""type""=>""paragraph"", ""object""=>""block"", ""children""=>[{""bold""=>true, ""text""=>""Excellent information, reads like a textbook"", ""object""=>""text""}, {""data""=>{}, ""type""=>""br"", ""object""=>""inline"", ""children""=>[]}, {""data""=>{}, ""type""=>""br"", ""object""=>""inline"", ""children""=>[]}, {""text""=>""This was filled with great information from a series of well-researched papers and the studies directly of criminals. If you're after a factual breakdown of sexual homicide, this is it. Rightfully so, it reads like a textbook so I would rate it 4 or 5 as reference material, but 3 as a general read."", ""object""=>""text""}]}]}}"
The Roses of May,Dot Hutchison,The Collector (#2.0),Read,Public,1745744,30405006,1503939502,9781503939509,,Book,us,en,,302,,2012-01-01,Thomas & Mercer,,,,,"",2018-10-04,"",2018-10-04,5.0,"Awestruck

Dot Hutchison is gifted with incredible talent, that she uses to get you into the minds of killers and survivors. I have learned so much in these 2 books and am enamored with the characters she creates.",false,false,2018-10-04T00:00:00Z,,,,false,No,"{""document""=>{""object""=>""document"", ""children""=>[{""data""=>{}, ""type""=>""paragraph"", ""object""=>""block"", ""children""=>[{""bold""=>true, ""text""=>""Awestruck"", ""object""=>""text""}, {""data""=>{}, ""type""=>""br"", ""object""=>""inline"", ""children""=>[]}, {""data""=>{}, ""type""=>""br"", ""object""=>""inline"", ""children""=>[]}, {""text""=>""Dot Hutchison is gifted with incredible talent, that she uses to get you into the minds of killers and survivors. I have learned so much in these 2 books and am enamored with the characters she creates."", ""object""=>""text""}]}]}}"
Panic,Harold Schechter,Bloodlands Collection (#4.0),Read,Public,798418,30805043,,,,Book,us,en,,,,2018-06-28,,,,,,"",2018-09-21,"",2018-09-22,4.0,,false,false,2018-09-22T00:00:00Z,,,,false,No,{}
The Brick Slayer,Harold Schechter,Bloodlands Collection (#3.0),Read,Public,798419,30805044,,,,Book,us,en,,58,,2018-06-28,,,,,,"",2018-09-14,"",2018-09-15,4.0,,false,false,2018-09-15T00:00:00Z,,,,false,No,{}
Casino: Love and Honor in Las Vegas,Nicholas Pileggi,,Want to Read,Public,798420,30805045,0684808323,9780684808321,,Book,us,,,,,1995-10-01,,,,,,"",2020-05-16,"","",,,false,false,,,,,false,No,{}
"Hidden History: An Exposé of Modern Crimes, Conspiracies, and Cover-Ups in American Politics","Donald Jeffries, Roger Stone (Foreword)",,Want to Read,Public,798421,30805046,1629144843,9781629144849,,Book,us,en,,384,,2014-01-01,Skyhorse,,,,,"",2017-05-06,"","",,,false,false,,,,,false,No,{}
The Secret Team: The CIA & its Allies in Control of the United States & the World,L. Fletcher Prouty,,Want to Read,Public,798422,30805047,1616082844,9781616082840,,Book,us,en,,625,,1972-11-30,Skyhorse Publishing,,,,,"",2016-07-27,"","",,,false,false,,,,,false,No,{}
Cause of Death,Patrick  Logan,Detective Damien Drake (#2.0),Read,Public,798423,30805048,,,,Book,us,en,,,,2017-08-10,,,,,,"",2019-02-11,"",2023-07-24,,,false,false,2023-07-24T00:00:00Z,,,,false,No,{}
Nail's Crossing,Kris Lackey,Bill Maytubby & Hannah Bond Mystery (#1.0),Read,Public,798424,30805049,1470814072,9781470814076,,Book,us,en,,224,,2017-01-01,Bill Maytubby and Hannah Bond,,,,,"",2018-02-06,"",2023-07-24,,,false,false,2023-07-24T00:00:00Z,,,,false,No,{}
Misterioso,"Arne Dahl, Tiina Nunnally (Translator)",A-gruppen/Intercrime (#1.0),Read,Public,798425,30805050,0307379647,9780307379641,,Book,us,en,,339,,1999-01-01,,,,,,"",2017-12-17,"",2023-07-24,,,false,false,2023-07-24T00:00:00Z,,,,false,No,{}
Dance of the Angels,"Robert Morcet, Roland Glasser (Translator)",,Read,Public,798426,30805051,,,,Book,us,,,,,2011-12-12,,,,,,"",2016-12-05,"",2023-07-24,,,false,false,2023-07-24T00:00:00Z,,,,false,No,{}
Data Scientists at Work,Sebastian Gutiérrez,,Read,Public,798427,30805052,1430265981,9781430265986,,Book,us,,,,,2014-10-20,,,,,,"",2014-12-19,"",2023-07-24,,,false,false,2023-07-24T00:00:00Z,,,,false,No,{}
The Taken Girls,G.D. Sanders,"The DI Ogborne Mystery Series, (#1.0)",Read,Public,798428,30805053,0008313202,9780008313203,,Book,us,en,,347,,2018-01-01,HarperCollins UK,,,,,"",2020-09-01,"",2023-07-24,,,false,false,2023-07-24T00:00:00Z,,,,false,No,{}
Unmasked: My Life Solving America's Cold Cases,Paul Holes,,Read,Public,480585,30805054,1250825091,9781250825094,,Book,us,en,,315,,2022-04-26,Celadon Books,,,,,"",2023-05-14,"",2023-05-14,5.0,,false,false,2023-05-14T00:00:00Z,,,,false,No,{}
Blind Faith,Joe McGinniss,,Read,Public,18448,30762310,0451418131,9780451418135,,Book,us,en,,386,,1989-01-01,Penguin,,,,,"",2022-12-19,"",2023-07-23,4.0,,false,false,2023-07-23T00:00:00Z,,,,false,No,{}
The Making of Riley Paige Bundle: Stalking,Blake Pierce,,Read,Public,798430,30805055,,,,Book,us,,,,,,,,,,,"",2023-03-06,"",2023-03-06,4.0,,false,false,2023-03-06T00:00:00Z,,,,false,No,{}
Once Lured,Blake Pierce,Riley Paige (#4.0),Read,Public,798433,30805058,,,,Book,us,en,,228,,2016-08-02,,,,,,"",2023-05-05,"",2023-05-05,4.0,,false,false,2023-05-05T00:00:00Z,,,,false,No,{}
Taking,Blake Pierce,The Making of Riley Paige (#4.0),Read,Public,798431,30805056,,,,Book,us,,,,,2019-08-13,,,,,,"",2023-01-25,"",2023-02-15,4.0,,false,false,2023-02-15T00:00:00Z,,,,false,No,{}
Kind of blue,Miles Corwin,,Read,Public,362505,10941361,1608090078,9781608090075,,Book,,,,,,,,,,,,"",2022-12-12,"",2022-12-12,3.0,,false,false,2022-12-12T00:00:00Z,,,,false,No,{}
The Dark Corners of the Night,Meg Gardiner,UNSUB (#3.0),Read,Public,510551,30462629,1982627514,9781982627515,,Book,us,en,,341,,2020-02-18,,,,,,"",2022-11-26,"",2022-11-26,4.0,,false,false,2022-11-26T00:00:00Z,,,,false,No,{}
Luring,Blake Pierce,The Making of Riley Paige (#3.0),Read,Public,798432,30805057,,,,Book,us,,,,,2019-03-01,,,,,,"",2023-01-25,"",2023-01-25,4.0,,false,false,2023-01-25T00:00:00Z,,,,false,No,{}
Into the Black Nowhere,Meg Gardiner,UNSUB (#2.0),Read,Public,492757,30440474,1101985550,9781101985557,,Book,,,,614,,2018-01-30,,,,,,"",2022-10-27,"",2022-10-27,4.0,,false,false,2022-10-27T00:00:00Z,,,,false,No,{}
Waiting,Blake Pierce,The Making of Riley Paige (#2.0),Read,Public,798434,30805059,,,,Book,us,,,,,2018-10-08,,,,,,"",2023-01-02,"",2023-01-18,4.0,,false,false,2023-01-18T00:00:00Z,,,,false,No,{}
UNSUB,Meg Gardiner,UNSUB (#1.0),Read,Public,510576,30462672,1101985542,9781524722807,,Book,us,en,,386,,2017-01-01,Penguin,,,,,"",2022-09-07,"",2022-09-20,5.0,,false,false,2022-09-20T00:00:00Z,,,,false,No,{}
Found You,Molly Black,Rylie Wolf (#1.0),Read,Public,798435,30805060,,,,Book,us,en,,177,,2022-01-04,,,,,,"",2022-08-18,"",2022-08-18,4.0,,false,false,2022-08-18T00:00:00Z,,,,false,No,{}
You Are Next,Katia Lief,Karin Schaeffer (#1.0),Read,Public,798437,30805062,0062014064,9780062014061,,Ebook,us,en,,386,,2010-01-01,HarperCollins e-books,,,,,"",2022-05-04,"",2022-05-04,3.0,,false,false,2022-05-04T00:00:00Z,,,,false,No,{}
Caught You,Molly Black,Rylie Wolf (#2.0),Read,Public,798436,30805061,,,,Book,us,en,,221,,2022-03-01,,,,,,"",2022-09-06,"",2022-09-06,3.0,,false,false,2022-09-06T00:00:00Z,,,,false,No,{}
"Savage Appetites: Four True Stories of Women, Crime, and Obsession",Rachel Monroe,,Read,Public,492704,30805063,1508294534,9781508294535,,Audio,us,,,272,,2019-08-20,Simon & Schuster Audio,,,,,"",2022-03-30,"",2022-03-30,4.0,,false,false,2022-03-30T00:00:00Z,,,,false,No,{}
All Things Cease to Appear,Elizabeth Brundage,,Read,Public,436059,20299080,1101875593,9781101875599,,Book,,,,417,,2016-03-08,,,,,,"",2019-01-21,"",2023-07-23,4.0,,false,false,2023-07-23T00:00:00Z,,,,false,No,{}
I'm Traveling Alone,Samuel Bjørk,Holger Munch & Mia Kruger (#1.0),Read,Public,668439,30653338,9024565561,9789024565566,,Book,us,nl,,432,,2013-01-01,Luitingh Sijthoff,,,,,"",2021-03-25,"",2021-03-25,4.0,,false,false,2021-03-25T00:00:00Z,,,,false,No,{}
Losing Leah Holloway,Lisa  Regan,Claire Fletcher and Detective Parks (#2.0),Read,Public,798439,30805064,1503942996,9781503942998,,Book,us,en,,379,,2017-01-01,Thomas & Mercer,,,,,"",2021-03-02,"",2021-03-09,4.0,,false,false,2021-03-09T00:00:00Z,,,,false,No,{}
American Predator,Maureen Callahan,,Read,Public,438826,30805065,0698191064,9780698191068,,Book,us,en,,306,,2019-07-01,Penguin Audio,,,,,"",2021-03-02,"",2021-03-02,5.0,,false,false,2021-03-02T00:00:00Z,,,,false,No,{}
Strangers,Paul Finch,,Read,Public,64715,21482367,0007551312,9780007551316,,Book,,,,,,,,,,,,"",2020-11-29,"",2020-12-10,,"Lovable lead  character 

I dug the characters and enjoyed the story but it lacked the darkness that the beginning promised and was a bit more “cop action movie” than I enjoy.",false,false,2020-12-10T00:00:00Z,,,,false,No,"{""document""=>{""object""=>""document"", ""children""=>[{""data""=>{}, ""type""=>""paragraph"", ""object""=>""block"", ""children""=>[{""bold""=>true, ""text""=>""Lovable lead  character "", ""object""=>""text""}, {""data""=>{}, ""type""=>""br"", ""object""=>""inline"", ""children""=>[]}, {""data""=>{}, ""type""=>""br"", ""object""=>""inline"", ""children""=>[]}, {""text""=>""I dug the characters and enjoyed the story but it lacked the darkness that the beginning promised and was a bit more “cop action movie” than I enjoy."", ""object""=>""text""}]}]}}"
Kill For You,Lisa  Regan,,Read,Public,798441,30805066,0996888292,9780996888295,,Book,us,en,,332,,2013-01-23,,,,,,"",2019-01-06,"",2019-01-20,4.0,,false,false,2019-01-20T00:00:00Z,,,,false,No,{}
Blue Baby,Carolyn Arnold,Brandon Fisher FBI (#4.0),Read,Public,798442,30805067,,,,Book,us,en,,,,2015-09-25,,,,,,"",2019-01-02,"",2019-01-06,4.0,,false,false,2019-01-06T00:00:00Z,,,,false,No,{}
The Burning,Jane Casey,Maeve Kerrigan (#1.0),Read,Public,218400,30498714,0091936004,9780091936006,,Book,,,,407,,2010-01-01,,,,,,"",2018-12-09,"",2018-12-18,4.0,,false,false,2018-12-18T00:00:00Z,,,,false,No,{}
The Deadliest Sins,Rick  Reed,Detective Jack Murphy (#7.0),Read,Public,798443,30805068,,,,Book,us,,,,,2018-10-16,,,,,,"",2018-12-18,"",2018-12-29,4.0,,false,false,2018-12-29T00:00:00Z,,,,false,No,{}
The Hangman’s Hold,Michael    Wood,DCI Matilda Darke (#4.0),Read,Public,542739,30499050,0008311625,9780008311629,,Book,us,en,,416,,2018-01-01,DCI Matilda Darke Thriller,,,,,"",2018-10-17,"",2018-10-25,,,false,false,2018-10-25T00:00:00Z,,,,false,No,{}
Rampage,Harold Schechter,Bloodlands Collection (#5.0),Read,Public,798446,30805071,,,,Book,us,en,,,,2018-06-28,,,,,,"",2018-09-18,"",2018-09-19,4.0,,false,false,2018-09-19T00:00:00Z,,,,false,No,{}
Spider's Web,"Mike Omer, Michael Omer",Glenmore Park Mystery (#1.0),Read,Public,798444,30805069,,,,Book,us,en,,,,2016-04-29,,,,,,"",2018-11-09,"",2018-11-18,4.0,,false,false,2018-11-18T00:00:00Z,,,,false,No,{}
The Girl With No Name,Lisa  Regan,Detective Josie Quinn (#2.0),Read,Public,798445,30805070,1786813831,9781786813831,,Book,us,en,,375,,2018-04-19,Bookouture,,,,,"",2018-10-04,"",2018-10-04,3.0,,false,false,2018-10-04T00:00:00Z,,,,false,No,{}
The Creative Act: A Way of Being,Rick Rubin,,Read,Public,554278,30654737,0593652886,9780593652886,,Book,us,en,,294,,2023-01-10,Penguin Press,,,,,"",2023-08-30,2023-08-16,2023-08-30,4.0,,false,false,2023-08-30T03:16:39Z,,,,false,No,{}
FBI Diary: Profiles of Evil,"Peter M. Klismet, Jr.",,Read,Public,839711,30853113,1799044130,9781799044130,,Book,us,,,,,2013-01-01,,,,,,"",2023-08-30,2023-08-30,2023-09-15,4.0,,false,false,,,,,false,No,{}
Luckiest Girl Alive,Jessica Knoll,,Read,Public,433346,1247934,1476789630,9781476789637,,Book,us,en,,352,,2015-05-12,Simon & Schuster,,,,,"",2023-09-28,2023-09-28,2023-09-30,5.0,,false,false,,,,,false,No,{}
The Devil in the White City,Erik Larson,,Read,Public,211614,30399725,0739303406,9780739303405,,Book,us,en,,447,,2002-01-01,Random House Audio,,,,,"",2023-09-30,2023-09-30,2023-12-13,4.0,,false,false,,,,,false,No,{}
Killers Amidst Killers: Hunting Serial Killers Operating Under the Cloak of America's Opioid Epidemic,Billy Jensen,,Read,Public,837098,30849961,0063026538,9780063026537,,Book,us,,,,,2022-07-19,,,,,,"",2023-12-13,2023-12-13,2024-07-01,5.0,,false,false,2024-07-01T12:35:29Z,,,,false,No,{}
Lay Them to Rest: On the Road with the Cold Case Investigators Who Identify the Nameless,Laurah Norton,,Read,Public,965884,30990852,0306828804,9780306828805,,Book,us,en,,352,,2023-01-01,Hachette Books,,,,,"",2024-07-01,2024-07-01,2024-07-03,4.5,"A beautifully written, compelling read. Norton takes you on a journey, blending a heartfelt story with just the right amount of forensic detail. It's about finding answers for a family, and it's both moving and inspiring. Norton nails the balance between storytelling and technical info, making it a must-read for true crime fans or anyone who loves a good, impactful story.",false,false,2024-07-03T00:00:00Z,,,"",false,No,"{""document""=>{""object""=>""document"", ""children""=>[{""data""=>{}, ""type""=>""paragraph"", ""object""=>""block"", ""children""=>[{""text""=>""A beautifully written, compelling read. Norton takes you on a journey, blending a heartfelt story with just the right amount of forensic detail. It's about finding answers for a family, and it's both moving and inspiring. Norton nails the balance between storytelling and technical info, making it a must-read for true crime fans or anyone who loves a good, impactful story."", ""object""=>""text""}]}]}}"
Languages in International Business,David Simon,,Read,Public,297180,11407639,0805080759,9780805080759,,Book,,,,599,,1991-06-01,,,,,,"",2024-08-03,2024-08-03,2024-10-02,5.0,"My favorite non-fiction book I have ever read! I learned of it from watching The Wire and  as fantastic as that show is, the book is better. David Simon has a rare combination of straightforward reporting and eloquent writing. Most of all, he has a knack for capturing humanity, in all of its flaws. ",false,false,2024-08-03T00:00:00Z,,,"",false,No,"{""document""=>{""object""=>""document"", ""children""=>[{""data""=>{}, ""type""=>""paragraph"", ""object""=>""block"", ""children""=>[{""text""=>""My favorite non-fiction book I have ever read! I learned of it from watching The Wire and  as fantastic as that show is, the book is better. David Simon has a rare combination of straightforward reporting and eloquent writing. Most of all, he has a knack for capturing humanity, in all of its flaws. "", ""object""=>""text""}]}]}}"
No One Will Miss Her,Kat Rosenfield,,Read,Public,432728,30401639,0063057018,9780063057012,,Book,us,en,,304,,2021-01-01,William Morrow,,,,,"",2024-10-02,"","",4.0,,false,false,2024-10-02T12:30:26Z,,,,false,No,{}
The Four Agreements: A Practical Guide to Personal Freedom,"Miguel Ruiz, ภัทริณี เจริญจินดา (Translator)",Toltec Wisdom,Read,Public,223656,10754484,1878424505,9781878424501,,Book,us,en,,150,,1997-01-01,Amber-Allen Pub,,,,,"",2024-11-01,"","",4.0,,false,false,2024-11-01T02:34:30Z,,,,false,No,{}
The Killing Game,Kate Bold,,Read,Public,656600,30638528,1094374717,9781094374710,,Book,,,,250,,2021-10-15,,,,,,"",2024-12-01,"","",4.0,,false,false,2024-12-01T23:01:18Z,,,,false,No,{}
The Software Engineer's Guidebook,Gergely  Orosz,,Stopped,Public,1031028,31055463,908338182X,9789083381824,,Book,us,en,,413,,2023-11-03,Shroff/Pragmatic Engineer,,,,,"",2025-01-17,2025-01-17,"",,,false,false,2025-01-17T15:04:32Z,,,,false,No,{}
The Final Business Model,Drake Atlas  Wolfe,,Read,Public,1943719,32098415,,9798283273471,,Book,us,,,,,,,,,,,"",2025-07-05,2025-07-03,2025-07-04,5.0,,false,false,2025-07-05T04:15:19Z,,,,false,No,{}
Principles of Building AI Agents,Sam Bhagwat,,Read,Public,1913351,32061785,,,,Book,us,,,133,,2025-02-24,,,,,,"",2026-01-25,"","",4.0,,false,false,,,,,false,No,{}
